-- phpMyAdmin SQL Dump
-- version 5.1.3
-- https://www.phpmyadmin.net/
--
-- Host: 127.0.0.1
-- Generation Time: Nov 28, 2022 at 11:00 AM
-- Server version: 10.4.24-MariaDB
-- PHP Version: 7.4.29

SET SQL_MODE = "NO_AUTO_VALUE_ON_ZERO";
START TRANSACTION;
SET time_zone = "+00:00";


/*!40101 SET @OLD_CHARACTER_SET_CLIENT=@@CHARACTER_SET_CLIENT */;
/*!40101 SET @OLD_CHARACTER_SET_RESULTS=@@CHARACTER_SET_RESULTS */;
/*!40101 SET @OLD_COLLATION_CONNECTION=@@COLLATION_CONNECTION */;
/*!40101 SET NAMES utf8mb4 */;

--
-- Database: `worldcup2022`
--
CREATE DATABASE worldcup2022;

USE worldcup2022;

-- --------------------------------------------------------

--
-- Table structure for table `fixturesresults`
--

CREATE TABLE `fixturesresults` (
  `matchNumber` int(11) NOT NULL,
  `round` varchar(50) NOT NULL,
  `datetime` varchar(50) NOT NULL,
  `stadium` varchar(50) NOT NULL,
  `hTeamID` int(11) NOT NULL,
  `hTeam` varchar(50) NOT NULL,
  `hTeamScore` int(11) NOT NULL,
  `aTeamID` int(11) NOT NULL,
  `aTeam` varchar(50) NOT NULL,
  `aTeamScore` int(11) NOT NULL,
  `group` varchar(50) NOT NULL,
  `status` varchar(20) NOT NULL,
  `date` varchar(10) NOT NULL,
  `time` varchar(5) NOT NULL
) ENGINE=InnoDB DEFAULT CHARSET=latin1;

--
-- Dumping data for table `fixturesresults`
--

INSERT INTO `fixturesresults` (`matchNumber`, `round`, `datetime`, `stadium`, `hTeamID`, `hTeam`, `hTeamScore`, `aTeamID`, `aTeam`, `aTeamScore`, `group`, `status`, `date`, `time`) VALUES
(1, 'Round 1', '2022-11-20 16:00', 'Al Bayt Stadium', 23, 'Qatar', 0, 10, 'Ecuador', 2, 'Group A', 'result', '2022-11-20', '16:00'),
(3, 'Round 1', '2022-11-21 13:00', 'Khalifa International Stadium', 11, 'England', 6, 15, 'Iran', 2, 'Group B', 'result', '2022-11-21', '13:00'),
(2, 'Round 1', '2022-11-21 16:00', 'Al Thumama Stadium', 25, 'Senegal', 0, 20, 'Netherlands', 2, 'Group A', 'result', '2022-11-21', '16:00'),
(4, 'Round 1', '2022-11-21 19:00', 'Ahmad Bin Ali Stadium', 31, 'USA', 1, 32, 'Wales', 1, 'Group B', 'result', '2022-11-21', '19:00'),
(8, 'Round 1', '2022-11-22 10:00', 'Lusail Stadium', 1, 'Argentina', 1, 24, 'Saudi Arabia', 2, 'Group C', 'result', '2022-11-22', '10:00'),
(6, 'Round 1', '2022-11-22 13:00', 'Education City Stadium', 9, 'Denmark', 0, 29, 'Tunisia', 0, 'Group D', 'result', '2022-11-22', '13:00'),
(7, 'Round 1', '2022-11-22 16:00', 'Stadium 974', 18, 'Mexico', 0, 21, 'Poland', 0, 'Group C', 'result', '2022-11-22', '16:00'),
(5, 'Round 1', '2022-11-22 19:00', 'Al Janoub Stadium', 12, 'France', 4, 2, 'Australia', 1, 'Group D', 'result', '2022-11-22', '19:00'),
(12, 'Round 1', '2022-11-23 10:00', 'Al Bayt Stadium', 19, 'Morocco', 0, 8, 'Croatia', 0, 'Group F', 'result', '2022-11-23', '10:00'),
(11, 'Round 1', '2022-11-23 13:00', 'Khalifa International Stadium', 13, 'Germany', 1, 16, 'Japan', 2, 'Group E', 'result', '2022-11-23', '13:00'),
(10, 'Round 1', '2022-11-23 16:00', 'Al Thumama Stadium', 27, 'Spain', 7, 7, 'Costa Rica', 0, 'Group E', 'result', '2022-11-23', '16:00'),
(9, 'Round 1', '2022-11-23 19:00', 'Ahmad Bin Ali Stadium', 3, 'Belgium', 1, 6, 'Canada', 0, 'Group F', 'live', '2022-11-23', '19:00'),
(13, 'Round 1', '2022-11-24 10:00', 'Al Janoub Stadium', 28, 'Switzerland', 0, 5, 'Cameroon', 0, 'Group G', 'fixture', '2022-11-24', '10:00'),
(14, 'Round 1', '2022-11-24 13:00', 'Education City Stadium', 30, 'Uruguay', 0, 17, 'Korea Republic', 0, 'Group H', 'fixture', '2022-11-24', '13:00'),
(15, 'Round 1', '2022-11-24 16:00', 'Stadium 974', 22, 'Portugal', 0, 14, 'Ghana', 0, 'Group H', 'fixture', '2022-11-24', '16:00'),
(16, 'Round 1', '2022-11-24 19:00', 'Lusail Stadium', 4, 'Brazil', 0, 26, 'Serbia', 0, 'Group G', 'fixture', '2022-11-24', '19:00'),
(17, 'Round 2', '2022-11-25 10:00', 'Ahmad Bin Ali Stadium', 32, 'Wales', 0, 15, 'Iran', 2, 'Group B', 'result', '2022-11-25', '10:00'),
(18, 'Round 2', '2022-11-25 13:00', 'Al Thumama Stadium', 23, 'Qatar', 0, 25, 'Senegal', 0, 'Group A', 'fixture', '2022-11-25', '13:00'),
(19, 'Round 2', '2022-11-25 16:00', 'Khalifa International Stadium', 20, 'Netherlands', 0, 10, 'Ecuador', 0, 'Group A', 'fixture', '2022-11-25', '16:00'),
(20, 'Round 2', '2022-11-25 19:00', 'Al Bayt Stadium', 11, 'England', 0, 31, 'USA', 0, 'Group B', 'fixture', '2022-11-25', '19:00'),
(21, 'Round 2', '2022-11-26 10:00', 'Al Janoub Stadium', 29, 'Tunisia', 0, 2, 'Australia', 0, 'Group D', 'fixture', '2022-11-26', '10:00'),
(22, 'Round 2', '2022-11-26 13:00', 'Education City Stadium', 21, 'Poland', 0, 24, 'Saudi Arabia', 0, 'Group C', 'fixture', '2022-11-26', '13:00'),
(23, 'Round 2', '2022-11-26 16:00', 'Stadium 974', 12, 'France', 0, 9, 'Denmark', 0, 'Group D', 'fixture', '2022-11-26', '16:00'),
(24, 'Round 2', '2022-11-26 19:00', 'Lusail Stadium', 1, 'Argentina', 0, 18, 'Mexico', 0, 'Group C', 'fixture', '2022-11-26', '19:00'),
(25, 'Round 2', '2022-11-27 10:00', 'Ahmad Bin Ali Stadium', 16, 'Japan', 0, 7, 'Costa Rica', 0, 'Group E', 'fixture', '2022-11-27', '10:00'),
(26, 'Round 2', '2022-11-27 13:00', 'Al Thumama Stadium', 3, 'Belgium', 0, 19, 'Morocco', 0, 'Group F', 'fixture', '2022-11-27', '13:00'),
(27, 'Round 2', '2022-11-27 16:00', 'Khalifa International Stadium', 8, 'Croatia', 0, 6, 'Canada', 0, 'Group F', 'fixture', '2022-11-27', '16:00'),
(28, 'Round 2', '2022-11-27 19:00', 'Al Bayt Stadium', 27, 'Spain', 0, 13, 'Germany', 0, 'Group E', 'fixture', '2022-11-27', '19:00'),
(29, 'Round 2', '2022-11-28 10:00', 'Al Janoub Stadium', 5, 'Cameroon', 0, 26, 'Serbia', 0, 'Group G', 'fixture', '2022-11-28', '10:00'),
(30, 'Round 2', '2022-11-28 13:00', 'Education City Stadium', 17, 'Korea Republic', 0, 14, 'Ghana', 0, 'Group H', 'fixture', '2022-11-28', '13:00'),
(31, 'Round 2', '2022-11-28 16:00', 'Stadium 974', 4, 'Brazil', 0, 28, 'Switzerland', 0, 'Group G', 'fixture', '2022-11-28', '16:00'),
(32, 'Round 2', '2022-11-28 19:00', 'Lusail Stadium', 22, 'Portugal', 0, 30, 'Uruguay', 0, 'Group H', 'fixture', '2022-11-28', '19:00'),
(35, 'Round 3', '2022-11-29 15:00', 'Khalifa International Stadium', 10, 'Ecuador', 0, 25, 'Senegal', 0, 'Group A', 'fixture', '2022-11-29', '15:00'),
(36, 'Round 3', '2022-11-29 15:00', 'Al Bayt Stadium', 20, 'Netherlands', 0, 23, 'Qatar', 0, 'Group A', 'fixture', '2022-11-29', '15:00'),
(33, 'Round 3', '2022-11-29 19:00', 'Ahmad Bin Ali Stadium', 32, 'Wales', 0, 11, 'England', 0, 'Group B', 'fixture', '2022-11-29', '19:00'),
(34, 'Round 3', '2022-11-29 19:00', 'Al Thumama Stadium', 15, 'Iran', 0, 31, 'USA', 0, 'Group B', 'fixture', '2022-11-29', '19:00'),
(37, 'Round 3', '2022-11-30 15:00', 'Al Janoub Stadium', 2, 'Australia', 0, 9, 'Denmark', 0, 'Group D', 'fixture', '2022-11-30', '15:00'),
(38, 'Round 3', '2022-11-30 15:00', 'Education City Stadium', 29, 'Tunisia', 0, 12, 'France', 0, 'Group D', 'fixture', '2022-11-30', '15:00'),
(39, 'Round 3', '2022-11-30 19:00', 'Stadium 974', 21, 'Poland', 0, 1, 'Argentina', 0, 'Group C', 'fixture', '2022-11-30', '19:00'),
(40, 'Round 3', '2022-11-30 19:00', 'Lusail Stadium', 24, 'Saudi Arabia', 0, 18, 'Mexico', 0, 'Group C', 'fixture', '2022-11-30', '19:00'),
(41, 'Round 3', '2022-12-01 15:00', 'Ahmad Bin Ali Stadium', 8, 'Croatia', 0, 3, 'Belgium', 0, 'Group F', 'fixture', '2022-12-01', '15:00'),
(42, 'Round 3', '2022-12-01 15:00', 'Al Thumama Stadium', 6, 'Canada', 0, 19, 'Morocco', 0, 'Group F', 'fixture', '2022-12-01', '15:00'),
(43, 'Round 3', '2022-12-01 19:00', 'Khalifa International Stadium', 16, 'Japan', 0, 27, 'Spain', 0, 'Group E', 'fixture', '2022-12-01', '19:00'),
(44, 'Round 3', '2022-12-01 19:00', 'Al Bayt Stadium', 7, 'Costa Rica', 0, 13, 'Germany', 0, 'Group E', 'fixture', '2022-12-01', '19:00'),
(45, 'Round 3', '2022-12-02 15:00', 'Al Janoub Stadium', 14, 'Ghana', 0, 30, 'Uruguay', 0, 'Group H', 'fixture', '2022-12-02', '15:00'),
(46, 'Round 3', '2022-12-02 15:00', 'Education City Stadium', 17, 'Korea Republic', 0, 22, 'Portugal', 0, 'Group H', 'fixture', '2022-12-02', '15:00'),
(47, 'Round 3', '2022-12-02 19:00', 'Stadium 974', 26, 'Serbia', 0, 28, 'Switzerland', 0, 'Group G', 'fixture', '2022-12-02', '19:00'),
(48, 'Round 3', '2022-12-02 19:00', 'Lusail Stadium', 5, 'Cameroon', 0, 4, 'Brazil', 0, 'Group G', 'fixture', '2022-12-02', '19:00'),
(49, 'Round of 16', '2022-12-03 15:00', 'TBA', 0, '1A', 0, 0, '2B', 0, '', 'fixture', '2022-12-03', '15:00'),
(50, 'Round of 16', '2022-12-03 19:00', 'TBA', 0, '1C', 0, 0, '2D', 0, '', 'fixture', '2022-12-03', '19:00'),
(52, 'Round of 16', '2022-12-04 15:00', 'TBA', 0, '1D', 0, 0, '2C', 0, '', 'fixture', '2022-12-04', '15:00'),
(51, 'Round of 16', '2022-12-04 19:00', 'TBA', 0, '1B', 0, 0, '2A', 0, '', 'fixture', '2022-12-04', '19:00'),
(53, 'Round of 16', '2022-12-05 15:00', 'TBA', 0, '1E', 0, 0, '2F', 0, '', 'fixture', '2022-12-05', '15:00'),
(54, 'Round of 16', '2022-12-05 19:00', 'TBA', 0, '1G', 0, 0, '2H', 0, '', 'fixture', '2022-12-05', '19:00'),
(55, 'Round of 16', '2022-12-06 15:00', 'TBA', 0, '1F', 0, 0, '2E', 0, '', 'fixture', '2022-12-06', '15:00'),
(56, 'Round of 16', '2022-12-06 19:00', 'TBA', 0, '1H', 0, 0, '2G', 0, '', 'fixture', '2022-12-06', '19:00'),
(58, 'Quarter Finals', '2022-12-09 15:00', 'TBA', 0, '', 0, 0, '', 0, '', 'fixture', '2022-12-09', '15:00'),
(57, 'Quarter Finals', '2022-12-09 19:00', 'TBA', 0, '', 0, 0, '', 0, '', 'fixture', '2022-12-09', '19:00'),
(60, 'Quarter Finals', '2022-12-10 15:00', 'TBA', 0, '', 0, 0, '', 0, '', 'fixture', '2022-12-10', '15:00'),
(59, 'Quarter Finals', '2022-12-10 19:00', 'TBA', 0, '', 0, 0, '', 0, '', 'fixture', '2022-12-10', '19:00'),
(61, 'Semi Finals', '2022-12-13 19:00', 'TBA', 0, '', 0, 0, '', 0, '', 'fixture', '2022-12-13', '19:00'),
(62, 'Semi Finals', '2022-12-14 19:00', 'TBA', 0, '', 0, 0, '', 0, '', 'fixture', '2022-12-14', '19:00'),
(63, 'Finals', '2022-12-17 15:00', 'TBA', 0, '', 0, 0, '', 0, '', 'fixture', '2022-12-17', '15:00'),
(64, 'Finals', '2022-12-18 15:00', 'TBA', 0, '', 0, 0, '', 0, '', 'fixture', '2022-12-18', '15:00');

-- --------------------------------------------------------

--
-- Table structure for table `players`
--

CREATE TABLE `players` (
  `ID` int(11) NOT NULL,
  `squadNumber` int(11) NOT NULL,
  `name` varchar(50) NOT NULL,
  `teamID` int(11) NOT NULL,
  `caps` int(11) NOT NULL,
  `goals` int(11) NOT NULL,
  `club` varchar(50) NOT NULL
) ENGINE=InnoDB DEFAULT CHARSET=latin1;

--
-- Dumping data for table `players`
--

INSERT INTO `players` (`ID`, `squadNumber`, `name`, `teamID`, `caps`, `goals`, `club`) VALUES
(1, 1, 'Franco Armani', 1, 18, 0, 'River Plate'),
(2, 2, 'Juan Foyth', 1, 15, 0, 'Villarreal'),
(3, 3, 'Nicolás Tagliafico', 1, 42, 0, 'Lyon'),
(4, 4, 'Gonzalo Montiel', 1, 17, 0, 'Sevilla'),
(5, 5, 'Leandro Paredes', 1, 45, 4, 'Juventus'),
(6, 6, 'Germán Pezzella', 1, 31, 2, 'Real Betis'),
(7, 7, 'Rodrigo De Paul', 1, 43, 2, 'Atlético Madrid'),
(8, 8, 'Marcos Acuña', 1, 42, 0, 'Sevilla'),
(9, 9, 'Julián Álvarez', 1, 11, 2, 'Manchester City'),
(10, 10, 'Lionel Messi (captain)', 1, 164, 90, 'Paris Saint-Germain'),
(11, 11, 'Ángel Di María', 1, 123, 25, 'Juventus'),
(12, 12, 'Gerónimo Rulli', 1, 4, 0, 'Villarreal'),
(13, 13, 'Cristian Romero', 1, 12, 1, 'Tottenham Hotspur'),
(14, 14, 'Exequiel Palacios', 1, 20, 0, 'Bayer Leverkusen'),
(15, 15, 'Nicolás González', 1, 21, 3, 'Fiorentina'),
(16, 16, 'Joaquín Correa', 1, 18, 3, 'Internazionale'),
(17, 17, 'Papu Gómez', 1, 15, 3, 'Sevilla'),
(18, 18, 'Guido Rodríguez', 1, 25, 1, 'Real Betis'),
(19, 19, 'Nicolás Otamendi', 1, 92, 4, 'Benfica'),
(20, 20, 'Alexis Mac Allister', 1, 7, 0, 'Brighton & Hove Albion'),
(21, 21, 'Paulo Dybala', 1, 34, 3, 'Roma'),
(22, 22, 'Lautaro Martínez', 1, 40, 21, 'Internazionale'),
(23, 23, 'Emiliano Martínez', 1, 18, 0, 'Aston Villa'),
(24, 24, 'Enzo Fernández', 1, 2, 0, 'Benfica'),
(25, 25, 'Lisandro Martínez', 1, 9, 0, 'Manchester United'),
(26, 26, 'Nahuel Molina', 1, 19, 0, 'Atlético Madrid'),
(27, 1, 'Mathew Ryan (captain)', 2, 75, 0, 'Copenhagen'),
(28, 2, 'Miloš Degenek', 2, 38, 1, 'Columbus Crew'),
(29, 3, 'Nathaniel Atkinson', 2, 5, 0, 'Heart of Midlothian'),
(30, 4, 'Kye Rowles', 2, 3, 0, 'Heart of Midlothian'),
(31, 5, 'Fran Kara?i?', 2, 10, 1, 'Brescia'),
(32, 6, 'Martin Boyle', 2, 19, 5, 'Hibernian'),
(33, 7, 'Mathew Leckie', 2, 73, 13, 'Melbourne City'),
(34, 8, 'Bailey Wright', 2, 27, 2, 'Sunderland'),
(35, 9, 'Jamie Maclaren', 2, 26, 8, 'Melbourne City'),
(36, 10, 'Ajdin Hrustic', 2, 20, 3, 'Hellas Verona'),
(37, 11, 'Awer Mabil', 2, 29, 8, 'Cádiz'),
(38, 12, 'Andrew Redmayne', 2, 4, 0, 'Sydney FC'),
(39, 13, 'Aaron Mooy', 2, 53, 7, 'Celtic'),
(40, 14, 'Riley McGree', 2, 11, 1, 'Middlesbrough'),
(41, 15, 'Mitchell Duke', 2, 21, 8, 'Fagiano Okayama'),
(42, 16, 'Aziz Behich', 2, 53, 2, 'Dundee United'),
(43, 17, 'Cameron Devlin', 2, 1, 0, 'Heart of Midlothian'),
(44, 18, 'Danny Vukovic', 2, 4, 0, 'Central Coast Mariners'),
(45, 19, 'Harry Souttar', 2, 10, 6, 'Stoke City'),
(46, 20, 'Thomas Deng', 2, 2, 0, 'Albirex Niigata'),
(47, 21, 'Garang Kuol', 2, 1, 0, 'Central Coast Mariners'),
(48, 22, 'Jackson Irvine', 2, 49, 7, 'FC St. Pauli'),
(49, 23, 'Craig Goodwin', 2, 10, 1, 'Adelaide United'),
(50, 24, 'Joel King', 2, 4, 0, 'OB'),
(51, 25, 'Jason Cummings', 2, 1, 1, 'Central Coast Mariners'),
(52, 26, 'Keanu Baccus', 2, 1, 0, 'St Mirren'),
(53, 1, 'Thibaut Courtois', 3, 96, 0, 'Real Madrid'),
(54, 2, 'Toby Alderweireld', 3, 123, 5, 'Antwerp'),
(55, 3, 'Arthur Theate', 3, 3, 0, 'Rennes'),
(56, 4, 'Wout Faes', 3, 1, 0, 'Leicester City'),
(57, 5, 'Jan Vertonghen', 3, 141, 9, 'Anderlecht'),
(58, 6, 'Axel Witsel', 3, 126, 12, 'Atlético Madrid'),
(59, 7, 'Kevin De Bruyne', 3, 93, 25, 'Manchester City'),
(60, 8, 'Youri Tielemans', 3, 54, 5, 'Leicester City'),
(61, 9, 'Romelu Lukaku', 3, 102, 68, 'Internazionale'),
(62, 10, 'Eden Hazard (captain)', 3, 122, 33, 'Real Madrid'),
(63, 11, 'Yannick Carrasco', 3, 59, 8, 'Atlético Madrid'),
(64, 12, 'Simon Mignolet', 3, 35, 0, 'Club Brugge'),
(65, 13, 'Koen Casteels', 3, 4, 0, 'VfL Wolfsburg'),
(66, 14, 'Dries Mertens', 3, 106, 21, 'Galatasaray'),
(67, 15, 'Thomas Meunier', 3, 58, 8, 'Borussia Dortmund'),
(68, 16, 'Thorgan Hazard', 3, 45, 9, 'Borussia Dortmund'),
(69, 17, 'Leandro Trossard', 3, 21, 5, 'Brighton & Hove Albion'),
(70, 18, 'Amadou Onana', 3, 2, 0, 'Everton'),
(71, 19, 'Leander Dendoncker', 3, 29, 1, 'Aston Villa'),
(72, 20, 'Hans Vanaken', 3, 22, 5, 'Club Brugge'),
(73, 21, 'Timothy Castagne', 3, 25, 2, 'Leicester City'),
(74, 22, 'Charles De Ketelaere', 3, 10, 1, 'Milan'),
(75, 23, 'Michy Batshuayi', 3, 47, 26, 'Fenerbahçe'),
(76, 24, 'Loïs Openda', 3, 4, 1, 'Lens'),
(77, 25, 'Jérémy Doku', 3, 10, 2, 'Rennes'),
(78, 26, 'Zeno Debast', 3, 2, 0, 'Anderlecht'),
(79, 1, 'Alisson', 4, 57, 0, 'Liverpool'),
(80, 2, 'Danilo', 4, 46, 1, 'Juventus'),
(81, 3, 'Thiago Silva (captain)', 4, 109, 7, 'Chelsea'),
(82, 4, 'Marquinhos', 4, 71, 5, 'Paris Saint-Germain'),
(83, 5, 'Casemiro', 4, 65, 5, 'Manchester United'),
(84, 6, 'Alex Sandro', 4, 37, 2, 'Juventus'),
(85, 7, 'Lucas Paquetá', 4, 35, 7, 'West Ham United'),
(86, 8, 'Fred', 4, 28, 0, 'Manchester United'),
(87, 9, 'Richarlison', 4, 38, 17, 'Tottenham Hotspur'),
(88, 10, 'Neymar', 4, 121, 75, 'Paris Saint-Germain'),
(89, 11, 'Raphinha', 4, 11, 5, 'Barcelona'),
(90, 12, 'Weverton', 4, 8, 0, 'Palmeiras'),
(91, 13, 'Dani Alves', 4, 124, 8, 'UNAM'),
(92, 14, 'Éder Militão', 4, 23, 1, 'Real Madrid'),
(93, 15, 'Fabinho', 4, 28, 0, 'Liverpool'),
(94, 16, 'Alex Telles', 4, 8, 0, 'Sevilla'),
(95, 17, 'Bruno Guimarães', 4, 8, 1, 'Newcastle United'),
(96, 18, 'Gabriel Jesus', 4, 56, 19, 'Arsenal'),
(97, 19, 'Antony', 4, 11, 2, 'Manchester United'),
(98, 20, 'Vinícius Júnior', 4, 16, 1, 'Real Madrid'),
(99, 21, 'Rodrygo', 4, 5, 1, 'Real Madrid'),
(100, 22, 'Éverton Ribeiro', 4, 21, 3, 'Flamengo'),
(101, 23, 'Ederson', 4, 18, 0, 'Manchester City'),
(102, 24, 'Bremer', 4, 1, 0, 'Juventus'),
(103, 25, 'Pedro', 4, 2, 1, 'Flamengo'),
(104, 26, 'Gabriel Martinelli', 4, 3, 0, 'Arsenal'),
(105, 1, 'Simon Ngapandouetnbu', 5, 0, 0, 'Marseille'),
(106, 2, 'Jerome Ngom Mbekeli', 5, 0, 0, 'Colombe Sportive'),
(107, 3, 'Nicolas Nkoulou', 5, 76, 2, 'Aris'),
(108, 4, 'Christopher Wooh', 5, 1, 0, 'Rennes'),
(109, 5, 'Gaël Ondoua', 5, 3, 0, 'Hannover 96'),
(110, 6, 'Moumi Ngamaleu', 5, 41, 4, 'Dynamo Moscow'),
(111, 7, 'Georges-Kévin Nkoudou', 5, 1, 0, 'Be?ikta?'),
(112, 8, 'André-Frank Zambo Anguissa', 5, 42, 5, 'Napoli'),
(113, 9, 'Jean-Pierre Nsame', 5, 3, 0, 'Young Boys'),
(114, 10, 'Vincent Aboubakar (captain)', 5, 88, 33, 'Al-Nassr'),
(115, 11, 'Christian Bassogog', 5, 42, 7, 'Shanghai Shenhua'),
(116, 12, 'Karl Toko Ekambi', 5, 50, 12, 'Lyon'),
(117, 13, 'Eric Maxim Choupo-Moting', 5, 68, 18, 'Bayern Munich'),
(118, 14, 'Samuel Gouet', 5, 21, 0, 'Mechelen'),
(119, 15, 'Pierre Kunde', 5, 30, 1, 'Olympiacos'),
(120, 16, 'Devis Epassy', 5, 5, 0, 'Abha'),
(121, 17, 'Olivier Mbaizo', 5, 11, 0, 'Philadelphia Union'),
(122, 18, 'Martin Hongla', 5, 17, 0, 'Hellas Verona'),
(123, 19, 'Collins Fai', 5, 50, 0, 'Al-Tai'),
(124, 20, 'Bryan Mbeumo', 5, 1, 0, 'Brentford'),
(125, 21, 'Jean-Charles Castelletto', 5, 12, 0, 'Nantes'),
(126, 22, 'Olivier Ntcham', 5, 2, 0, 'Swansea City'),
(127, 23, 'André Onana', 5, 31, 0, 'Internazionale'),
(128, 24, 'Enzo Ebosse', 5, 1, 0, 'Udinese'),
(129, 25, 'Nouhou Tolo', 5, 16, 0, 'Seattle Sounders FC'),
(130, 26, 'Souaibou Marou', 5, 0, 0, 'Coton Sport'),
(131, 1, 'Dayne St. Clair', 6, 2, 0, 'Minnesota United FC'),
(132, 2, 'Alistair Johnston', 6, 29, 1, 'CF Montréal'),
(133, 3, 'Sam Adekugbe', 6, 33, 1, 'Hatayspor'),
(134, 4, 'Kamal Miller', 6, 28, 0, 'CF Montréal'),
(135, 5, 'Steven Vitória', 6, 34, 3, 'Chaves'),
(136, 6, 'Samuel Piette', 6, 65, 0, 'CF Montréal'),
(137, 7, 'Stephen Eustáquio', 6, 26, 3, 'Porto'),
(138, 8, 'Liam Fraser', 6, 15, 0, 'Deinze'),
(139, 9, 'Lucas Cavallini', 6, 33, 17, 'Vancouver Whitecaps FC'),
(140, 10, 'Junior Hoilett', 6, 49, 14, 'Reading'),
(141, 11, 'Tajon Buchanan', 6, 25, 4, 'Club Brugge'),
(142, 12, 'Iké Ugbo', 6, 8, 0, 'Troyes'),
(143, 13, 'Atiba Hutchinson (captain)', 6, 97, 9, 'Be?ikta?'),
(144, 14, 'Mark-Anthony Kaye', 6, 37, 2, 'Toronto FC'),
(145, 15, 'Ismaël Koné', 6, 5, 1, 'CF Montréal'),
(146, 16, 'James Pantemis', 6, 0, 0, 'CF Montréal'),
(147, 17, 'Cyle Larin', 6, 54, 25, 'Club Brugge'),
(148, 18, 'Milan Borjan', 6, 67, 0, 'Red Star Belgrade'),
(149, 19, 'Alphonso Davies', 6, 34, 12, 'Bayern Munich'),
(150, 20, 'Jonathan David', 6, 34, 22, 'Lille'),
(151, 21, 'Jonathan Osorio', 6, 56, 7, 'Toronto FC'),
(152, 22, 'Richie Laryea', 6, 33, 1, 'Toronto FC'),
(153, 23, 'Liam Millar', 6, 16, 0, 'Basel'),
(154, 24, 'David Wotherspoon', 6, 10, 1, 'St Johnstone'),
(155, 25, 'Derek Cornelius', 6, 14, 0, 'Panetolikos'),
(156, 26, 'Joel Waterman', 6, 1, 0, 'CF Montréal'),
(157, 1, 'Keylor Navas', 7, 107, 0, 'Paris Saint-Germain'),
(158, 2, 'Daniel Chacón', 7, 7, 0, 'Cartaginés'),
(159, 3, 'Juan Pablo Vargas', 7, 11, 1, 'Millonarios'),
(160, 4, 'Keysher Fuller', 7, 29, 2, 'Herediano'),
(161, 5, 'Celso Borges', 7, 154, 27, 'Alajuelense'),
(162, 6, 'Óscar Duarte', 7, 70, 3, 'Al-Wehda'),
(163, 7, 'Anthony Contreras', 7, 8, 2, 'Herediano'),
(164, 8, 'Bryan Oviedo', 7, 74, 2, 'Real Salt Lake'),
(165, 9, 'Jewison Bennette', 7, 7, 2, 'Sunderland'),
(166, 10, 'Bryan Ruiz (captain)', 7, 144, 29, 'Alajuelense'),
(167, 11, 'Johan Venegas', 7, 80, 11, 'Alajuelense'),
(168, 12, 'Joel Campbell', 7, 118, 25, 'León'),
(169, 13, 'Gerson Torres', 7, 13, 1, 'Herediano'),
(170, 14, 'Youstin Salas', 7, 3, 0, 'Saprissa'),
(171, 15, 'Francisco Calvo', 7, 75, 8, 'Konyaspor'),
(172, 16, 'Carlos Martínez', 7, 5, 0, 'San Carlos'),
(173, 17, 'Yeltsin Tejeda', 7, 73, 0, 'Herediano'),
(174, 18, 'Esteban Alvarado', 7, 24, 0, 'Herediano'),
(175, 19, 'Kendall Waston', 7, 61, 7, 'Saprissa'),
(176, 20, 'Brandon Aguilera', 7, 2, 0, 'Guanacasteca'),
(177, 21, 'Douglas López', 7, 1, 0, 'Herediano'),
(178, 22, 'Rónald Matarrita', 7, 52, 3, 'FC Cincinnati'),
(179, 23, 'Patrick Sequeira', 7, 1, 0, 'Lugo'),
(180, 24, 'Roan Wilson', 7, 2, 0, 'Municipal Grecia'),
(181, 25, 'Anthony Hernández', 7, 1, 0, 'Puntarenas'),
(182, 26, 'Álvaro Zamora', 7, 1, 0, 'Saprissa'),
(183, 1, 'Dominik Livakovi?', 8, 33, 0, 'Dinamo Zagreb'),
(184, 2, 'Josip Staniši?', 8, 6, 0, 'Bayern Munich'),
(185, 3, 'Borna Bariši?', 8, 27, 1, 'Rangers'),
(186, 4, 'Ivan Periši?', 8, 115, 32, 'Tottenham Hotspur'),
(187, 5, 'Martin Erli?', 8, 3, 0, 'Sassuolo'),
(188, 6, 'Dejan Lovren', 8, 71, 5, 'Zenit Saint Petersburg'),
(189, 7, 'Lovro Majer', 8, 10, 3, 'Rennes'),
(190, 8, 'Mateo Kova?i?', 8, 83, 3, 'Chelsea'),
(191, 9, 'Andrej Kramari?', 8, 73, 19, '1899 Hoffenheim'),
(192, 10, 'Luka Modri? (captain)', 8, 154, 23, 'Real Madrid'),
(193, 11, 'Marcelo Brozovi?', 8, 76, 7, 'Internazionale'),
(194, 12, 'Ivo Grbi?', 8, 2, 0, 'Atlético Madrid'),
(195, 13, 'Nikola Vlaši?', 8, 41, 7, 'Torino'),
(196, 14, 'Marko Livaja', 8, 14, 3, 'Hajduk Split'),
(197, 15, 'Mario Pašali?', 8, 42, 7, 'Atalanta'),
(198, 16, 'Bruno Petkovi?', 8, 22, 6, 'Dinamo Zagreb'),
(199, 17, 'Ante Budimir', 8, 15, 1, 'Osasuna'),
(200, 18, 'Mislav Orši?', 8, 20, 1, 'Dinamo Zagreb'),
(201, 19, 'Borna Sosa', 8, 8, 1, 'VfB Stuttgart'),
(202, 20, 'Joško Gvardiol', 8, 12, 1, 'RB Leipzig'),
(203, 21, 'Domagoj Vida', 8, 99, 4, 'AEK Athens'),
(204, 22, 'Josip Juranovi?', 8, 21, 0, 'Celtic'),
(205, 23, 'Ivica Ivuši?', 8, 5, 0, 'Osijek'),
(206, 24, 'Josip Šutalo', 8, 3, 0, 'Dinamo Zagreb'),
(207, 25, 'Luka Su?i?', 8, 3, 0, 'Red Bull Salzburg'),
(208, 26, 'Kristijan Jaki?', 8, 4, 0, 'Eintracht Frankfurt'),
(209, 1, 'Kasper Schmeichel', 9, 86, 0, 'Nice'),
(210, 2, 'Joachim Andersen', 9, 19, 0, 'Crystal Palace'),
(211, 3, 'Victor Nelsson', 9, 7, 0, 'Galatasaray'),
(212, 4, 'Simon Kjær (captain)', 9, 121, 5, 'Milan'),
(213, 5, 'Joakim Mæhle', 9, 31, 9, 'Atalanta'),
(214, 6, 'Andreas Christensen', 9, 58, 2, 'Barcelona'),
(215, 7, 'Mathias Jensen', 9, 20, 1, 'Brentford'),
(216, 8, 'Thomas Delaney', 9, 71, 7, 'Sevilla'),
(217, 9, 'Martin Braithwaite', 9, 62, 10, 'Espanyol'),
(218, 10, 'Christian Eriksen', 9, 117, 39, 'Manchester United'),
(219, 11, 'Andreas Skov Olsen', 9, 23, 8, 'Club Brugge'),
(220, 12, 'Kasper Dolberg', 9, 37, 11, 'Sevilla'),
(221, 13, 'Rasmus Kristensen', 9, 10, 0, 'Leeds United'),
(222, 14, 'Mikkel Damsgaard', 9, 18, 4, 'Brentford'),
(223, 15, 'Christian Nørgaard', 9, 17, 1, 'Brentford'),
(224, 16, 'Oliver Christensen', 9, 1, 0, 'Hertha BSC'),
(225, 17, 'Jens Stryger Larsen', 9, 49, 3, 'Trabzonspor'),
(226, 18, 'Daniel Wass', 9, 44, 1, 'Brøndby'),
(227, 19, 'Jonas Wind', 9, 15, 5, 'VfL Wolfsburg'),
(228, 20, 'Yussuf Poulsen', 9, 68, 11, 'RB Leipzig'),
(229, 21, 'Andreas Cornelius', 9, 41, 9, 'Copenhagen'),
(230, 22, 'Frederik Rønnow', 9, 8, 0, 'Union Berlin'),
(231, 23, 'Pierre-Emile Højbjerg', 9, 60, 5, 'Tottenham Hotspur'),
(232, 24, 'Robert Skov', 9, 11, 5, '1899 Hoffenheim'),
(233, 25, 'Jesper Lindstrøm', 9, 6, 1, 'Eintracht Frankfurt'),
(234, 26, 'Alexander Bah', 9, 4, 1, 'Benfica'),
(235, 1, 'Hernán Galíndez', 10, 12, 0, 'Aucas'),
(236, 2, 'Félix Torres', 10, 17, 2, 'Santos Laguna'),
(237, 3, 'Piero Hincapié', 10, 21, 1, 'Bayer Leverkusen'),
(238, 4, 'Robert Arboleda', 10, 33, 2, 'São Paulo'),
(239, 5, 'José Cifuentes', 10, 11, 0, 'Los Angeles FC'),
(240, 6, 'William Pacho', 10, 0, 0, 'Antwerp'),
(241, 7, 'Pervis Estupiñán', 10, 28, 3, 'Brighton & Hove Albion'),
(242, 8, 'Carlos Gruezo', 10, 45, 1, 'FC Augsburg'),
(243, 9, 'Ayrton Preciado', 10, 25, 3, 'Santos Laguna'),
(244, 10, 'Romario Ibarra', 10, 25, 3, 'Pachuca'),
(245, 11, 'Michael Estrada', 10, 35, 8, 'Cruz Azul'),
(246, 12, 'Moisés Ramírez', 10, 2, 0, 'Independiente del Valle'),
(247, 13, 'Enner Valencia (captain)', 10, 74, 35, 'Fenerbahçe'),
(248, 14, 'Xavier Arreaga', 10, 18, 1, 'Seattle Sounders FC'),
(249, 15, 'Ángel Mena', 10, 46, 7, 'León'),
(250, 16, 'Jeremy Sarmiento', 10, 9, 0, 'Brighton & Hove Albion'),
(251, 17, 'Ángelo Preciado', 10, 25, 0, 'Genk'),
(252, 18, 'Diego Palacios', 10, 12, 0, 'Los Angeles FC'),
(253, 19, 'Gonzalo Plata', 10, 30, 5, 'Valladolid'),
(254, 20, 'Sebas Méndez', 10, 32, 0, 'Los Angeles FC'),
(255, 21, 'Alan Franco', 10, 25, 1, 'Talleres'),
(256, 22, 'Alexander Domínguez', 10, 68, 0, 'LDU Quito'),
(257, 23, 'Moisés Caicedo', 10, 25, 2, 'Brighton & Hove Albion'),
(258, 24, 'Djorkaeff Reasco', 10, 4, 0, 'Newells Old Boys'),
(259, 25, 'Jackson Porozo', 10, 5, 0, 'Troyes'),
(260, 26, 'Kevin Rodríguez', 10, 1, 0, 'Imbabura'),
(261, 1, 'Jordan Pickford', 11, 45, 0, 'Everton'),
(262, 2, 'Kyle Walker', 11, 70, 0, 'Manchester City'),
(263, 3, 'Luke Shaw', 11, 23, 3, 'Manchester United'),
(264, 4, 'Declan Rice', 11, 34, 2, 'West Ham United'),
(265, 5, 'John Stones', 11, 59, 3, 'Manchester City'),
(266, 6, 'Harry Maguire', 11, 48, 7, 'Manchester United'),
(267, 7, 'Jack Grealish', 11, 24, 1, 'Manchester City'),
(268, 8, 'Jordan Henderson', 11, 70, 2, 'Liverpool'),
(269, 9, 'Harry Kane (captain)', 11, 75, 51, 'Tottenham Hotspur'),
(270, 10, 'Raheem Sterling', 11, 79, 19, 'Chelsea'),
(271, 11, 'Marcus Rashford', 11, 46, 12, 'Manchester United'),
(272, 12, 'Kieran Trippier', 11, 37, 1, 'Newcastle United'),
(273, 13, 'Nick Pope', 11, 10, 0, 'Newcastle United'),
(274, 14, 'Kalvin Phillips', 11, 23, 0, 'Manchester City'),
(275, 15, 'Eric Dier', 11, 47, 3, 'Tottenham Hotspur'),
(276, 16, 'Conor Coady', 11, 10, 1, 'Everton'),
(277, 17, 'Bukayo Saka', 11, 20, 4, 'Arsenal'),
(278, 18, 'Trent Alexander-Arnold', 11, 17, 1, 'Liverpool'),
(279, 19, 'Mason Mount', 11, 32, 5, 'Chelsea'),
(280, 20, 'Phil Foden', 11, 18, 2, 'Manchester City'),
(281, 21, 'Ben White', 11, 4, 0, 'Arsenal'),
(282, 22, 'Jude Bellingham', 11, 17, 0, 'Borussia Dortmund'),
(283, 23, 'Aaron Ramsdale', 11, 3, 0, 'Arsenal'),
(284, 24, 'Callum Wilson', 11, 4, 1, 'Newcastle United'),
(285, 25, 'James Maddison', 11, 1, 0, 'Leicester City'),
(286, 26, 'Conor Gallagher', 11, 4, 0, 'Chelsea'),
(287, 1, 'Hugo Lloris (captain)', 12, 139, 0, 'Tottenham Hotspur'),
(288, 2, 'Benjamin Pavard', 12, 46, 2, 'Bayern Munich'),
(289, 3, 'Axel Disasi', 12, 0, 0, 'Monaco'),
(290, 4, 'Raphaël Varane', 12, 87, 5, 'Manchester United'),
(291, 5, 'Jules Koundé', 12, 12, 0, 'Barcelona'),
(292, 6, 'Matteo Guendouzi', 12, 6, 1, 'Marseille'),
(293, 7, 'Antoine Griezmann', 12, 110, 42, 'Atlético Madrid'),
(294, 8, 'Aurélien Tchouaméni', 12, 14, 1, 'Real Madrid'),
(295, 9, 'Olivier Giroud', 12, 114, 49, 'Milan'),
(296, 10, 'Kylian Mbappé', 12, 59, 28, 'Paris Saint-Germain'),
(297, 11, 'Ousmane Dembélé', 12, 28, 4, 'Barcelona'),
(298, 12, 'Christopher Nkunku', 12, 8, 0, 'RB Leipzig'),
(299, 13, 'Youssouf Fofana', 12, 2, 0, 'Monaco'),
(300, 14, 'Adrien Rabiot', 12, 29, 2, 'Juventus'),
(301, 15, 'Jordan Veretout', 12, 5, 0, 'Marseille'),
(302, 16, 'Steve Mandanda', 12, 34, 0, 'Rennes'),
(303, 17, 'William Saliba', 12, 7, 0, 'Arsenal'),
(304, 18, 'Dayot Upamecano', 12, 7, 1, 'Bayern Munich'),
(305, 19, 'Karim Benzema', 12, 97, 37, 'Real Madrid'),
(306, 20, 'Kingsley Coman', 12, 40, 5, 'Bayern Munich'),
(307, 21, 'Lucas Hernandez', 12, 32, 0, 'Bayern Munich'),
(308, 22, 'Theo Hernandez', 12, 7, 1, 'Milan'),
(309, 23, 'Alphonse Areola', 12, 5, 0, 'West Ham United'),
(310, 24, 'Ibrahima Konaté', 12, 2, 0, 'Liverpool'),
(311, 25, 'Eduardo Camavinga', 12, 4, 1, 'Real Madrid'),
(312, 26, 'Marcus Thuram', 12, 4, 0, 'Borussia Mönchengladbach'),
(313, 1, 'Manuel Neuer (captain)', 13, 113, 0, 'Bayern Munich'),
(314, 2, 'Antonio Rüdiger', 13, 54, 2, 'Real Madrid'),
(315, 3, 'David Raum', 13, 11, 0, 'RB Leipzig'),
(316, 4, 'Matthias Ginter', 13, 46, 2, 'SC Freiburg'),
(317, 5, 'Thilo Kehrer', 13, 22, 0, 'West Ham United'),
(318, 6, 'Joshua Kimmich', 13, 70, 5, 'Bayern Munich'),
(319, 7, 'Kai Havertz', 13, 30, 10, 'Chelsea'),
(320, 8, 'Leon Goretzka', 13, 44, 14, 'Bayern Munich'),
(321, 9, 'Niclas Füllkrug', 13, 0, 0, 'Werder Bremen'),
(322, 10, 'Serge Gnabry', 13, 36, 20, 'Bayern Munich'),
(323, 11, 'Mario Götze', 13, 63, 17, 'Eintracht Frankfurt'),
(324, 12, 'Kevin Trapp', 13, 6, 0, 'Eintracht Frankfurt'),
(325, 13, 'Thomas Müller', 13, 118, 44, 'Bayern Munich'),
(326, 14, 'Jamal Musiala', 13, 17, 1, 'Bayern Munich'),
(327, 15, 'Niklas Süle', 13, 42, 1, 'Borussia Dortmund'),
(328, 16, 'Lukas Klostermann', 13, 18, 0, 'RB Leipzig'),
(329, 17, 'Julian Brandt', 13, 38, 3, 'Borussia Dortmund'),
(330, 18, 'Jonas Hofmann', 13, 16, 4, 'Borussia Mönchengladbach'),
(331, 19, 'Leroy Sané', 13, 47, 11, 'Bayern Munich'),
(332, 20, 'Christian Günter', 13, 6, 0, 'SC Freiburg'),
(333, 21, '?lkay Gündo?an', 13, 62, 16, 'Manchester City'),
(334, 22, 'Marc-André ter Stegen', 13, 30, 0, 'Barcelona'),
(335, 23, 'Nico Schlotterbeck', 13, 5, 0, 'Borussia Dortmund'),
(336, 24, 'Karim Adeyemi', 13, 4, 1, 'Borussia Dortmund'),
(337, 25, 'Armel Bella-Kotchap', 13, 1, 0, 'Southampton'),
(338, 26, 'Youssoufa Moukoko', 13, 0, 0, 'Borussia Dortmund'),
(339, 1, 'Lawrence Ati-Zigi', 14, 10, 0, 'St. Gallen'),
(340, 2, 'Tariq Lamptey', 14, 1, 0, 'Brighton & Hove Albion'),
(341, 3, 'Denis Odoi', 14, 4, 0, 'Club Brugge'),
(342, 4, 'Mohammed Salisu', 14, 1, 0, 'Southampton'),
(343, 5, 'Thomas Partey', 14, 40, 14, 'Arsenal'),
(344, 6, 'Elisha Owusu', 14, 2, 0, 'Gent'),
(345, 7, 'Abdul Fatawu Issahaku', 14, 11, 0, 'Sporting CP'),
(346, 8, 'Daniel-Kofi Kyereh', 14, 12, 0, 'SC Freiburg'),
(347, 9, 'Jordan Ayew', 14, 82, 20, 'Crystal Palace'),
(348, 10, 'André Ayew (captain)', 14, 107, 23, 'Al-Sadd'),
(349, 11, 'Osman Bukari', 14, 5, 1, 'Red Star Belgrade'),
(350, 12, 'Ibrahim Danlad', 14, 0, 0, 'Asante Kotoko'),
(351, 13, 'Daniel Afriyie', 14, 1, 0, 'Hearts of Oak'),
(352, 14, 'Gideon Mensah', 14, 10, 0, 'Auxerre'),
(353, 15, 'Joseph Aidoo', 14, 10, 0, 'Celta Vigo'),
(354, 16, 'Abdul Manaf Nurudeen', 14, 2, 0, 'Eupen'),
(355, 17, 'Baba Rahman', 14, 47, 1, 'Reading'),
(356, 18, 'Daniel Amartey', 14, 43, 0, 'Leicester City'),
(357, 19, 'Iñaki Williams', 14, 2, 0, 'Athletic Bilbao'),
(358, 20, 'Mohammed Kudus', 14, 16, 4, 'Ajax'),
(359, 21, 'Salis Abdul Samed', 14, 0, 0, 'Lens'),
(360, 22, 'Kamaldeen Sulemana', 14, 11, 0, 'Rennes'),
(361, 23, 'Alexander Djiku', 14, 18, 1, 'Strasbourg'),
(362, 24, 'Kamal Sowah', 14, 0, 0, 'Club Brugge'),
(363, 25, 'Antoine Semenyo', 14, 1, 0, 'Bristol City'),
(364, 26, 'Alidu Seidu', 14, 2, 0, 'Clermont'),
(365, 1, 'Alireza Beiranvand', 15, 52, 0, 'Persepolis'),
(366, 2, 'Sadegh Moharrami', 15, 21, 0, 'Dinamo Zagreb'),
(367, 3, 'Ehsan Hajsafi (captain)', 15, 121, 7, 'AEK Athens'),
(368, 4, 'Shojae Khalilzadeh', 15, 25, 1, 'Al-Ahli Doha'),
(369, 5, 'Milad Mohammadi', 15, 45, 1, 'AEK Athens'),
(370, 6, 'Saeid Ezatolahi', 15, 47, 1, 'Vejle'),
(371, 7, 'Alireza Jahanbakhsh', 15, 64, 13, 'Feyenoord'),
(372, 8, 'Morteza Pouraliganji', 15, 46, 3, 'Persepolis'),
(373, 9, 'Mehdi Taremi', 15, 60, 28, 'Porto'),
(374, 10, 'Karim Ansarifard', 15, 94, 29, 'Omonia'),
(375, 11, 'Vahid Amiri', 15, 68, 2, 'Persepolis'),
(376, 12, 'Payam Niazmand', 15, 1, 0, 'Sepahan'),
(377, 13, 'Hossein Kanaanizadegan', 15, 35, 2, 'Al-Ahli Doha'),
(378, 14, 'Saman Ghoddos', 15, 33, 2, 'Brentford'),
(379, 15, 'Rouzbeh Cheshmi', 15, 19, 1, 'Esteghlal'),
(380, 16, 'Mehdi Torabi', 15, 36, 6, 'Persepolis'),
(381, 17, 'Ali Gholizadeh', 15, 26, 6, 'Charleroi'),
(382, 18, 'Ali Karimi', 15, 13, 0, 'Kayserispor'),
(383, 19, 'Majid Hosseini', 15, 18, 0, 'Kayserispor'),
(384, 20, 'Sardar Azmoun', 15, 65, 41, 'Bayer Leverkusen'),
(385, 21, 'Ahmad Nourollahi', 15, 26, 3, 'Shabab Al-Ahli'),
(386, 22, 'Amir Abedzadeh', 15, 11, 0, 'Ponferradina'),
(387, 23, 'Ramin Rezaeian', 15, 46, 2, 'Sepahan'),
(388, 24, 'Hossein Hosseini', 15, 6, 0, 'Esteghlal'),
(389, 25, 'Abolfazl Jalali', 15, 3, 0, 'Esteghlal'),
(390, 1, 'Eiji Kawashima', 16, 95, 0, 'Strasbourg'),
(391, 2, 'Miki Yamane', 16, 14, 2, 'Kawasaki Frontale'),
(392, 3, 'Shogo Taniguchi', 16, 13, 0, 'Kawasaki Frontale'),
(393, 4, 'Ko Itakura', 16, 12, 1, 'Borussia Mönchengladbach'),
(394, 5, 'Yuto Nagatomo', 16, 137, 4, 'FC Tokyo'),
(395, 6, 'Wataru Endo', 16, 43, 2, 'VfB Stuttgart'),
(396, 7, 'Gaku Shibasaki', 16, 59, 3, 'Leganés'),
(397, 8, 'Ritsu D?an', 16, 28, 3, 'SC Freiburg'),
(398, 9, 'Kaoru Mitoma', 16, 9, 5, 'Brighton & Hove Albion'),
(399, 10, 'Takumi Minamino', 16, 43, 17, 'Monaco'),
(400, 11, 'Takefusa Kubo', 16, 19, 1, 'Real Sociedad'),
(401, 12, 'Sh?ichi Gonda', 16, 33, 0, 'Shimizu S-Pulse'),
(402, 13, 'Hidemasa Morita', 16, 17, 2, 'Sporting CP'),
(403, 14, 'Junya Ito', 16, 38, 9, 'Reims'),
(404, 15, 'Daichi Kamada', 16, 21, 6, 'Eintracht Frankfurt'),
(405, 16, 'Takehiro Tomiyasu', 16, 29, 1, 'Arsenal'),
(406, 17, 'Ao Tanaka', 16, 14, 2, 'Fortuna Düsseldorf'),
(407, 18, 'Takuma Asano', 16, 36, 7, 'VfL Bochum'),
(408, 19, 'Hiroki Sakai', 16, 71, 1, 'Urawa Red Diamonds'),
(409, 20, 'Shuto Machino', 16, 4, 3, 'Shonan Bellmare'),
(410, 21, 'Ayase Ueda', 16, 10, 0, 'Cercle Brugge'),
(411, 22, 'Maya Yoshida (captain)', 16, 121, 12, 'Schalke 04'),
(412, 23, 'Daniel Schmidt', 16, 11, 0, 'Sint-Truiden'),
(413, 24, 'Yuki Soma', 16, 7, 3, 'Nagoya Grampus'),
(414, 25, 'Daizen Maeda', 16, 8, 1, 'Celtic'),
(415, 26, 'Hiroki Ito', 16, 5, 0, 'VfB Stuttgart'),
(416, 1, 'Kim Seung-gyu', 17, 67, 0, 'Al-Shabab'),
(417, 2, 'Yoon Jong-gyu', 17, 4, 0, 'FC Seoul'),
(418, 3, 'Kim Jin-su', 17, 61, 2, 'Jeonbuk Hyundai Motors'),
(419, 4, 'Kim Min-jae', 17, 44, 3, 'Napoli'),
(420, 5, 'Jung Woo-young', 17, 66, 3, 'Al-Sadd'),
(421, 6, 'Hwang In-beom', 17, 37, 4, 'Olympiacos'),
(422, 7, 'Son Heung-min (captain)', 17, 104, 35, 'Tottenham Hotspur'),
(423, 8, 'Paik Seung-ho', 17, 14, 2, 'Jeonbuk Hyundai Motors'),
(424, 9, 'Cho Gue-sung', 17, 16, 4, 'Jeonbuk Hyundai Motors'),
(425, 10, 'Lee Jae-sung', 17, 64, 9, 'Mainz 05'),
(426, 11, 'Hwang Hee-chan', 17, 49, 9, 'Wolverhampton Wanderers'),
(427, 12, 'Song Bum-keun', 17, 1, 0, 'Jeonbuk Hyundai Motors'),
(428, 13, 'Son Jun-ho', 17, 15, 0, 'Shandong Taishan'),
(429, 14, 'Hong Chul', 17, 46, 1, 'Daegu FC'),
(430, 15, 'Kim Moon-hwan', 17, 22, 0, 'Jeonbuk Hyundai Motors'),
(431, 16, 'Hwang Ui-jo', 17, 49, 16, 'Olympiacos'),
(432, 17, 'Na Sang-ho', 17, 24, 2, 'FC Seoul'),
(433, 18, 'Lee Kang-in', 17, 6, 0, 'Mallorca'),
(434, 19, 'Kim Young-gwon', 17, 96, 6, 'Ulsan Hyundai'),
(435, 20, 'Kwon Kyung-won', 17, 28, 2, 'Gamba Osaka'),
(436, 21, 'Jo Hyeon-woo', 17, 22, 0, 'Ulsan Hyundai'),
(437, 22, 'Kwon Chang-hoon', 17, 42, 12, 'Gimcheon Sangmu'),
(438, 23, 'Kim Tae-hwan', 17, 19, 0, 'Ulsan Hyundai'),
(439, 24, 'Cho Yu-min', 17, 4, 0, 'Daejeon Hana Citizen'),
(440, 25, 'Jeong Woo-yeong', 17, 9, 2, 'SC Freiburg'),
(441, 26, 'Song Min-kyu', 17, 13, 1, 'Jeonbuk Hyundai Motors'),
(442, 1, 'Alfredo Talavera', 18, 39, 0, 'Juárez'),
(443, 2, 'Néstor Araujo', 18, 61, 3, 'América'),
(444, 3, 'César Montes', 18, 28, 1, 'Monterrey'),
(445, 4, 'Edson Álvarez', 18, 58, 3, 'Ajax'),
(446, 5, 'Johan Vásquez', 18, 6, 0, 'Cremonese'),
(447, 6, 'Gerardo Arteaga', 18, 17, 1, 'Genk'),
(448, 7, 'Luis Romo', 18, 25, 1, 'Monterrey'),
(449, 8, 'Carlos Rodríguez', 18, 34, 0, 'Cruz Azul'),
(450, 9, 'Raúl Jiménez', 18, 94, 29, 'Wolverhampton Wanderers'),
(451, 10, 'Alexis Vega', 18, 20, 4, 'Guadalajara'),
(452, 11, 'Rogelio Funes Mori', 18, 15, 5, 'Monterrey'),
(453, 12, 'Rodolfo Cota', 18, 8, 0, 'León'),
(454, 13, 'Guillermo Ochoa', 18, 130, 0, 'América'),
(455, 14, 'Érick Gutiérrez', 18, 34, 1, 'PSV Eindhoven'),
(456, 15, 'Héctor Moreno', 18, 126, 5, 'Monterrey'),
(457, 16, 'Héctor Herrera', 18, 100, 10, 'Houston Dynamo FC'),
(458, 17, 'Orbelín Pineda', 18, 50, 6, 'AEK Athens'),
(459, 18, 'Andrés Guardado (captain)', 18, 177, 28, 'Real Betis'),
(460, 19, 'Jorge Sánchez', 18, 25, 1, 'Ajax'),
(461, 20, 'Henry Martín', 18, 25, 6, 'América'),
(462, 21, 'Uriel Antuna', 18, 34, 8, 'Cruz Azul'),
(463, 22, 'Hirving Lozano', 18, 59, 16, 'Napoli'),
(464, 23, 'Jesús Gallardo', 18, 76, 0, 'Monterrey'),
(465, 24, 'Luis Chávez', 18, 7, 0, 'Pachuca'),
(466, 25, 'Roberto Alvarado', 18, 30, 4, 'Guadalajara'),
(467, 26, 'Kevin Álvarez', 18, 7, 0, 'Pachuca'),
(468, 1, 'Yassine Bounou', 19, 45, 0, 'Sevilla'),
(469, 2, 'Achraf Hakimi', 19, 53, 8, 'Paris Saint-Germain'),
(470, 3, 'Noussair Mazraoui', 19, 14, 2, 'Bayern Munich'),
(471, 4, 'Sofyan Amrabat', 19, 38, 0, 'Fiorentina'),
(472, 5, 'Nayef Aguerd', 19, 21, 1, 'West Ham United'),
(473, 6, 'Romain Saïss (captain)', 19, 65, 1, 'Be?ikta?'),
(474, 7, 'Hakim Ziyech', 19, 42, 17, 'Chelsea'),
(475, 8, 'Azzedine Ounahi', 19, 9, 2, 'Angers'),
(476, 9, 'Abderrazak Hamdallah', 19, 17, 6, 'Al-Ittihad'),
(477, 10, 'Amine Harit', 19, 16, 0, 'Marseille'),
(478, 11, 'Abdelhamid Sabiri', 19, 2, 1, 'Sampdoria'),
(479, 12, 'Munir Mohamedi', 19, 43, 0, 'Al-Wehda'),
(480, 13, 'Ilias Chair', 19, 10, 1, 'Queens Park Rangers'),
(481, 14, 'Zakaria Aboukhlal', 19, 12, 2, 'Toulouse'),
(482, 15, 'Selim Amallah', 19, 23, 4, 'Standard Liège'),
(483, 16, 'Abde Ezzalzouli', 19, 2, 0, 'Osasuna'),
(484, 17, 'Sofiane Boufal', 19, 31, 5, 'Angers'),
(485, 18, 'Jawad El Yamiq', 19, 11, 2, 'Valladolid'),
(486, 19, 'Youssef En-Nesyri', 19, 49, 14, 'Sevilla'),
(487, 20, 'Achraf Dari', 19, 4, 0, 'Brest'),
(488, 21, 'Walid Cheddira', 19, 2, 0, 'Bari'),
(489, 22, 'Ahmed Reda Tagnaouti', 19, 3, 0, 'Wydad AC'),
(490, 23, 'Bilal El Khannous', 19, 0, 0, 'Genk'),
(491, 24, 'Badr Benoun', 19, 3, 0, 'Qatar SC'),
(492, 25, 'Yahia Attiyat Allah', 19, 1, 0, 'Wydad AC'),
(493, 26, 'Yahya Jabrane', 19, 4, 0, 'Wydad AC'),
(494, 1, 'Remko Pasveer', 20, 2, 0, 'Ajax'),
(495, 2, 'Jurriën Timber', 20, 10, 0, 'Ajax'),
(496, 3, 'Matthijs de Ligt', 20, 38, 2, 'Bayern Munich'),
(497, 4, 'Virgil van Dijk (captain)', 20, 49, 6, 'Liverpool'),
(498, 5, 'Nathan Aké', 20, 29, 3, 'Manchester City'),
(499, 6, 'Stefan de Vrij', 20, 59, 3, 'Internazionale'),
(500, 7, 'Steven Bergwijn', 20, 24, 7, 'Ajax'),
(501, 8, 'Cody Gakpo', 20, 9, 3, 'PSV Eindhoven'),
(502, 9, 'Luuk de Jong', 20, 38, 8, 'PSV Eindhoven'),
(503, 10, 'Memphis Depay', 20, 81, 42, 'Barcelona'),
(504, 11, 'Steven Berghuis', 20, 39, 2, 'Ajax'),
(505, 12, 'Noa Lang', 20, 5, 1, 'Club Brugge'),
(506, 13, 'Justin Bijlow', 20, 6, 0, 'Feyenoord'),
(507, 14, 'Davy Klaassen', 20, 35, 9, 'Ajax'),
(508, 15, 'Marten de Roon', 20, 30, 0, 'Atalanta'),
(509, 16, 'Tyrell Malacia', 20, 6, 0, 'Manchester United'),
(510, 17, 'Daley Blind', 20, 94, 2, 'Ajax'),
(511, 18, 'Vincent Janssen', 20, 20, 7, 'Antwerp'),
(512, 19, 'Wout Weghorst', 20, 15, 3, 'Be?ikta?'),
(513, 20, 'Teun Koopmeiners', 20, 10, 1, 'Atalanta'),
(514, 21, 'Frenkie de Jong', 20, 45, 1, 'Barcelona'),
(515, 22, 'Denzel Dumfries', 20, 37, 5, 'Internazionale'),
(516, 23, 'Andries Noppert', 20, 0, 0, 'Heerenveen'),
(517, 24, 'Kenneth Taylor', 20, 2, 0, 'Ajax'),
(518, 25, 'Xavi Simons', 20, 0, 0, 'PSV Eindhoven'),
(519, 26, 'Jeremie Frimpong', 20, 0, 0, 'Bayer Leverkusen'),
(520, 1, 'Wojciech Szcz?sny', 21, 66, 0, 'Juventus'),
(521, 2, 'Matty Cash', 21, 7, 1, 'Aston Villa'),
(522, 3, 'Artur J?drzejczyk', 21, 40, 3, 'Legia Warsaw'),
(523, 4, 'Mateusz Wieteska', 21, 1, 0, 'Clermont'),
(524, 5, 'Jan Bednarek', 21, 44, 1, 'Aston Villa'),
(525, 6, 'Krystian Bielik', 21, 5, 0, 'Birmingham City'),
(526, 7, 'Arkadiusz Milik', 21, 63, 16, 'Juventus'),
(527, 8, 'Damian Szyma?ski', 21, 8, 1, 'AEK Athens'),
(528, 9, 'Robert Lewandowski (captain)', 21, 134, 76, 'Barcelona'),
(529, 10, 'Grzegorz Krychowiak', 21, 93, 5, 'Al-Shabab'),
(530, 11, 'Kamil Grosicki', 21, 86, 17, 'Pogo? Szczecin'),
(531, 12, '?ukasz Skorupski', 21, 7, 0, 'Bologna'),
(532, 13, 'Jakub Kami?ski', 21, 3, 1, 'VfL Wolfsburg'),
(533, 14, 'Jakub Kiwior', 21, 4, 0, 'Spezia'),
(534, 15, 'Kamil Glik', 21, 98, 6, 'Benevento'),
(535, 16, 'Karol ?widerski', 21, 17, 8, 'Charlotte FC'),
(536, 17, 'Szymon ?urkowski', 21, 6, 0, 'Fiorentina'),
(537, 18, 'Bartosz Bereszy?ski', 21, 45, 0, 'Sampdoria'),
(538, 19, 'Sebastian Szyma?ski', 21, 17, 1, 'Feyenoord'),
(539, 20, 'Piotr Zieli?ski', 21, 74, 9, 'Napoli'),
(540, 21, 'Nicola Zalewski', 21, 7, 0, 'Roma'),
(541, 22, 'Kamil Grabara', 21, 1, 0, 'Copenhagen'),
(542, 23, 'Krzysztof Pi?tek', 21, 24, 10, 'Salernitana'),
(543, 24, 'Przemys?aw Frankowski', 21, 25, 1, 'Lens'),
(544, 25, 'Robert Gumny', 21, 4, 0, 'FC Augsburg'),
(545, 26, 'Micha? Skóra?', 21, 1, 0, 'Lech Pozna?'),
(546, 1, 'Rui Patrício', 22, 104, 0, 'Roma'),
(547, 2, 'Diogo Dalot', 22, 6, 2, 'Manchester United'),
(548, 3, 'Pepe', 22, 128, 7, 'Porto'),
(549, 4, 'Rúben Dias', 22, 39, 2, 'Manchester City'),
(550, 5, 'Raphaël Guerreiro', 22, 56, 3, 'Borussia Dortmund'),
(551, 6, 'João Palhinha', 22, 15, 2, 'Fulham'),
(552, 7, 'Cristiano Ronaldo (captain)', 22, 191, 117, 'Manchester United'),
(553, 8, 'Bruno Fernandes', 22, 48, 9, 'Manchester United'),
(554, 9, 'André Silva', 22, 51, 19, 'RB Leipzig'),
(555, 10, 'Bernardo Silva', 22, 72, 8, 'Manchester City'),
(556, 11, 'João Félix', 22, 23, 3, 'Atlético Madrid'),
(557, 12, 'José Sá', 22, 0, 0, 'Wolverhampton Wanderers'),
(558, 13, 'Danilo Pereira', 22, 63, 2, 'Paris Saint-Germain'),
(559, 14, 'William Carvalho', 22, 75, 5, 'Real Betis'),
(560, 15, 'Rafael Leão', 22, 11, 0, 'Milan'),
(561, 16, 'Vitinha', 22, 4, 0, 'Paris Saint-Germain'),
(562, 17, 'João Mário', 22, 52, 2, 'Benfica'),
(563, 18, 'Rúben Neves', 22, 32, 0, 'Wolverhampton Wanderers'),
(564, 19, 'Nuno Mendes', 22, 16, 0, 'Paris Saint-Germain'),
(565, 20, 'João Cancelo', 22, 37, 7, 'Manchester City'),
(566, 21, 'Ricardo Horta', 22, 5, 1, 'Braga'),
(567, 22, 'Diogo Costa', 22, 7, 0, 'Porto'),
(568, 23, 'Matheus Nunes', 22, 9, 1, 'Wolverhampton Wanderers'),
(569, 24, 'António Silva', 22, 0, 0, 'Benfica'),
(570, 25, 'Otávio', 22, 7, 2, 'Porto'),
(571, 26, 'Gonçalo Ramos', 22, 0, 0, 'Benfica'),
(572, 1, 'Saad Al-Sheeb', 23, 76, 0, 'Al-Sadd'),
(573, 2, 'Ró-Ró', 23, 80, 1, 'Al-Sadd'),
(574, 3, 'Abdelkarim Hassan', 23, 130, 15, 'Al-Sadd'),
(575, 4, 'Mohammed Waad', 23, 21, 0, 'Al-Sadd'),
(576, 5, 'Tarek Salman', 23, 58, 0, 'Al-Sadd'),
(577, 6, 'Abdulaziz Hatem', 23, 107, 11, 'Al-Rayyan'),
(578, 7, 'Ahmed Alaaeldin', 23, 47, 2, 'Al-Gharafa'),
(579, 8, 'Ali Assadalla', 23, 59, 12, 'Al-Sadd'),
(580, 9, 'Mohammed Muntari', 23, 48, 13, 'Al-Duhail'),
(581, 10, 'Hassan Al-Haydos (captain)', 23, 169, 36, 'Al-Sadd'),
(582, 11, 'Akram Afif', 23, 89, 26, 'Al-Sadd'),
(583, 12, 'Karim Boudiaf', 23, 115, 6, 'Al-Duhail'),
(584, 13, 'Musab Kheder', 23, 30, 0, 'Al-Sadd'),
(585, 14, 'Homam Ahmed', 23, 29, 2, 'Al-Gharafa'),
(586, 15, 'Bassam Al-Rawi', 23, 58, 2, 'Al-Duhail'),
(587, 16, 'Boualem Khoukhi', 23, 105, 20, 'Al-Sadd'),
(588, 17, 'Ismaeel Mohammad', 23, 70, 4, 'Al-Duhail'),
(589, 18, 'Khalid Muneer', 23, 2, 0, 'Al-Wakrah'),
(590, 19, 'Almoez Ali', 23, 85, 42, 'Al-Duhail'),
(591, 20, 'Salem Al-Hajri', 23, 22, 0, 'Al-Sadd'),
(592, 21, 'Yousef Hassan', 23, 7, 0, 'Al-Gharafa'),
(593, 22, 'Meshaal Barsham', 23, 20, 0, 'Al-Sadd'),
(594, 23, 'Assim Madibo', 23, 43, 0, 'Al-Duhail'),
(595, 24, 'Naif Al-Hadhrami', 23, 1, 0, 'Al-Rayyan'),
(596, 25, 'Jassem Gaber', 23, 0, 0, 'Al-Arabi'),
(597, 26, 'Mostafa Meshaal', 23, 1, 0, 'Al-Sadd'),
(598, 1, 'Mohammed Al-Rubaie', 24, 7, 0, 'Al-Ahli'),
(599, 2, 'Sultan Al-Ghanam', 24, 24, 0, 'Al-Nassr'),
(600, 3, 'Abdullah Madu', 24, 15, 0, 'Al-Nassr'),
(601, 4, 'Abdulelah Al-Amri', 24, 19, 1, 'Al-Nassr'),
(602, 5, 'Ali Al-Bulaihi', 24, 36, 0, 'Al-Hilal'),
(603, 6, 'Mohammed Al-Breik', 24, 40, 1, 'Al-Hilal'),
(604, 7, 'Salman Al-Faraj (captain)', 24, 69, 8, 'Al-Hilal'),
(605, 8, 'Abdulellah Al-Malki', 24, 26, 0, 'Al-Hilal'),
(606, 9, 'Firas Al-Buraikan', 24, 26, 6, 'Al-Fateh'),
(607, 10, 'Salem Al-Dawsari', 24, 70, 17, 'Al-Hilal'),
(608, 11, 'Saleh Al-Shehri', 24, 19, 10, 'Al-Hilal'),
(609, 12, 'Saud Abdulhamid', 24, 22, 1, 'Al-Hilal'),
(610, 13, 'Yasser Al-Shahrani', 24, 71, 2, 'Al-Hilal'),
(611, 14, 'Abdullah Otayf', 24, 45, 1, 'Al-Hilal'),
(612, 15, 'Ali Al-Hassan', 24, 12, 1, 'Al-Nassr'),
(613, 16, 'Sami Al-Najei', 24, 17, 2, 'Al-Nassr'),
(614, 17, 'Hassan Tambakti', 24, 18, 0, 'Al-Shabab'),
(615, 18, 'Nawaf Al-Abed', 24, 54, 8, 'Al-Shabab'),
(616, 19, 'Hattan Bahebri', 24, 40, 4, 'Al-Shabab'),
(617, 20, 'Abdulrahman Al-Aboud', 24, 3, 0, 'Al-Ittihad'),
(618, 21, 'Mohammed Al-Owais', 24, 41, 0, 'Al-Hilal'),
(619, 22, 'Nawaf Al-Aqidi', 24, 1, 0, 'Al-Nassr'),
(620, 23, 'Mohamed Kanno', 24, 37, 1, 'Al-Hilal'),
(621, 24, 'Nasser Al-Dawsari', 24, 9, 0, 'Al-Hilal'),
(622, 25, 'Haitham Asiri', 24, 7, 1, 'Al-Ahli'),
(623, 26, 'Riyadh Sharahili', 24, 5, 0, 'Abha'),
(624, 1, 'Édouard Mendy', 25, 25, 0, 'Chelsea'),
(625, 2, 'Ismail Jakobs', 25, 1, 0, 'Monaco'),
(626, 3, 'Kalidou Koulibaly (captain)', 25, 63, 0, 'Chelsea'),
(627, 4, 'Abdou Diallo', 25, 18, 2, 'RB Leipzig'),
(628, 5, 'Idrissa Gueye', 25, 95, 7, 'Everton'),
(629, 6, 'Nampalys Mendy', 25, 18, 0, 'Leicester City'),
(630, 7, 'Youssouf Sabaly', 25, 24, 0, 'Real Betis'),
(631, 8, 'Cheikhou Kouyaté', 25, 82, 4, 'Nottingham Forest'),
(632, 9, 'Iliman Ndiaye', 25, 1, 0, 'Sheffield United'),
(633, 10, 'Sadio Mané', 25, 92, 34, 'Bayern Munich'),
(634, 11, 'Formose Mendy', 25, 1, 0, 'Amiens'),
(635, 12, 'Pape Abou Cissé', 25, 12, 1, 'Olympiacos'),
(636, 13, 'Pape Gueye', 25, 11, 0, 'Marseille'),
(637, 14, 'Moustapha Name', 25, 6, 0, 'Pafos'),
(638, 15, 'Krépin Diatta', 25, 25, 2, 'Monaco'),
(639, 16, 'Pathé Ciss', 25, 1, 0, 'Rayo Vallecano'),
(640, 17, 'Pape Matar Sarr', 25, 8, 0, 'Tottenham Hotspur'),
(641, 18, 'Ismaïla Sarr', 25, 47, 10, 'Watford'),
(642, 19, 'Famara Diédhiou', 25, 24, 10, 'Alanyaspor'),
(643, 20, 'Bamba Dieng', 25, 12, 2, 'Marseille'),
(644, 21, 'Boulaye Dia', 25, 18, 3, 'Salernitana'),
(645, 22, 'Fodé Ballo-Touré', 25, 14, 0, 'Milan'),
(646, 23, 'Seny Dieng', 25, 3, 0, 'Queens Park Rangers'),
(647, 24, 'Mamadou Loum', 25, 3, 0, 'Reading'),
(648, 25, 'Nicolas Jackson', 25, 0, 0, 'Villarreal'),
(649, 26, 'Alfred Gomis', 25, 14, 0, 'Rennes'),
(650, 1, 'Marko Dmitrovi?', 26, 19, 0, 'Sevilla'),
(651, 2, 'Strahinja Pavlovi?', 26, 21, 1, 'Red Bull Salzburg'),
(652, 3, 'Strahinja Erakovi?', 26, 1, 0, 'Red Star Belgrade'),
(653, 4, 'Nikola Milenkovi?', 26, 37, 3, 'Fiorentina'),
(654, 5, 'Miloš Veljkovi?', 26, 21, 0, 'Werder Bremen'),
(655, 6, 'Nemanja Maksimovi?', 26, 39, 0, 'Getafe'),
(656, 7, 'Nemanja Radonji?', 26, 36, 5, 'Torino'),
(657, 8, 'Nemanja Gudelj', 26, 48, 1, 'Sevilla'),
(658, 9, 'Aleksandar Mitrovi?', 26, 76, 50, 'Fulham'),
(659, 10, 'Dušan Tadi? (captain)', 26, 90, 18, 'Ajax'),
(660, 11, 'Luka Jovi?', 26, 28, 9, 'Fiorentina'),
(661, 12, 'Predrag Rajkovi?', 26, 28, 0, 'Mallorca'),
(662, 13, 'Stefan Mitrovi?', 26, 34, 0, 'Getafe'),
(663, 14, 'Andrija Živkovi?', 26, 28, 1, 'PAOK'),
(664, 15, 'Sr?an Babi?', 26, 2, 0, 'Almería'),
(665, 16, 'Saša Luki?', 26, 32, 2, 'Torino'),
(666, 17, 'Filip Kosti?', 26, 50, 3, 'Juventus'),
(667, 18, 'Dušan Vlahovi?', 26, 16, 8, 'Juventus'),
(668, 19, 'Uroš Ra?i?', 26, 9, 0, 'Braga'),
(669, 20, 'Sergej Milinkovi?-Savi?', 26, 35, 6, 'Lazio'),
(670, 21, 'Filip ?uri?i?', 26, 36, 4, 'Sampdoria'),
(671, 22, 'Darko Lazovi?', 26, 25, 0, 'Hellas Verona'),
(672, 23, 'Vanja Milinkovi?-Savi?', 26, 6, 0, 'Torino'),
(673, 24, 'Ivan Ili?', 26, 5, 0, 'Hellas Verona'),
(674, 25, 'Filip Mladenovi?', 26, 19, 1, 'Legia Warsaw'),
(675, 26, 'Marko Gruji?', 26, 17, 0, 'Porto'),
(676, 1, 'Robert Sánchez', 27, 1, 0, 'Brighton & Hove Albion'),
(677, 2, 'César Azpilicueta', 27, 41, 1, 'Chelsea'),
(678, 3, 'Eric García', 27, 18, 0, 'Barcelona'),
(679, 4, 'Pau Torres', 27, 21, 1, 'Villarreal'),
(680, 5, 'Sergio Busquets (captain)', 27, 139, 2, 'Barcelona'),
(681, 6, 'Marcos Llorente', 27, 17, 0, 'Atlético Madrid'),
(682, 7, 'Álvaro Morata', 27, 57, 27, 'Atlético Madrid'),
(683, 8, 'Koke', 27, 67, 0, 'Atlético Madrid'),
(684, 9, 'Gavi', 27, 12, 1, 'Barcelona'),
(685, 10, 'Marco Asensio', 27, 29, 1, 'Real Madrid'),
(686, 11, 'Ferran Torres', 27, 30, 13, 'Barcelona'),
(687, 12, 'Nico Williams', 27, 2, 0, 'Athletic Bilbao'),
(688, 13, 'David Raya', 27, 1, 0, 'Brentford'),
(689, 14, 'José Gayà', 27, 18, 3, 'Valencia'),
(690, 15, 'Hugo Guillamón', 27, 3, 1, 'Valencia'),
(691, 16, 'Rodri', 27, 34, 1, 'Manchester City'),
(692, 17, 'Yeremy Pino', 27, 6, 1, 'Villarreal'),
(693, 18, 'Jordi Alba', 27, 86, 9, 'Barcelona'),
(694, 19, 'Carlos Soler', 27, 11, 3, 'Paris Saint-Germain'),
(695, 20, 'Dani Carvajal', 27, 30, 0, 'Real Madrid'),
(696, 21, 'Dani Olmo', 27, 24, 4, 'RB Leipzig'),
(697, 22, 'Pablo Sarabia', 27, 24, 9, 'Paris Saint-Germain'),
(698, 23, 'Unai Simón', 27, 27, 0, 'Athletic Bilbao'),
(699, 24, 'Aymeric Laporte', 27, 15, 1, 'Manchester City'),
(700, 25, 'Ansu Fati', 27, 4, 1, 'Barcelona'),
(701, 26, 'Pedri', 27, 14, 0, 'Barcelona'),
(702, 1, 'Yann Sommer', 28, 76, 0, 'Borussia Mönchengladbach'),
(703, 2, 'Edimilson Fernandes', 28, 22, 2, 'Mainz 05'),
(704, 3, 'Silvan Widmer', 28, 33, 2, 'Mainz 05'),
(705, 4, 'Nico Elvedi', 28, 40, 1, 'Borussia Mönchengladbach'),
(706, 5, 'Manuel Akanji', 28, 42, 1, 'Manchester City'),
(707, 6, 'Denis Zakaria', 28, 42, 3, 'Chelsea'),
(708, 7, 'Breel Embolo', 28, 58, 11, 'Monaco'),
(709, 8, 'Remo Freuler', 28, 48, 5, 'Nottingham Forest'),
(710, 9, 'Haris Seferovic', 28, 88, 25, 'Galatasaray'),
(711, 10, 'Granit Xhaka (captain)', 28, 106, 12, 'Arsenal'),
(712, 11, 'Renato Steffen', 28, 27, 1, 'Lugano'),
(713, 12, 'Jonas Omlin', 28, 4, 0, 'Montpellier'),
(714, 13, 'Ricardo Rodriguez', 28, 100, 9, 'Torino'),
(715, 14, 'Michel Aebischer', 28, 11, 0, 'Bologna'),
(716, 15, 'Djibril Sow', 28, 32, 0, 'Eintracht Frankfurt'),
(717, 16, 'Christian Fassnacht', 28, 15, 4, 'Young Boys'),
(718, 17, 'Ruben Vargas', 28, 26, 4, 'FC Augsburg'),
(719, 18, 'Eray Cömert', 28, 9, 0, 'Valencia'),
(720, 19, 'Noah Okafor', 28, 8, 2, 'Red Bull Salzburg'),
(721, 20, 'Fabian Frei', 28, 22, 3, 'Basel'),
(722, 21, 'Gregor Kobel', 28, 3, 0, 'Borussia Dortmund'),
(723, 22, 'Fabian Schär', 28, 72, 8, 'Newcastle United'),
(724, 23, 'Xherdan Shaqiri', 28, 108, 26, 'Chicago Fire FC'),
(725, 24, 'Philipp Köhn', 28, 0, 0, 'Red Bull Salzburg'),
(726, 25, 'Fabian Rieder', 28, 0, 0, 'Young Boys'),
(727, 26, 'Ardon Jashari', 28, 1, 0, 'Luzern'),
(728, 1, 'Aymen Mathlouthi', 29, 73, 0, 'Étoile du Sahel'),
(729, 2, 'Bilel Ifa', 29, 36, 0, 'Kuwait SC'),
(730, 3, 'Montassar Talbi', 29, 22, 1, 'Lorient'),
(731, 4, 'Yassine Meriah', 29, 60, 3, 'Espérance de Tunis'),
(732, 5, 'Nader Ghandri', 29, 7, 0, 'Club Africain'),
(733, 6, 'Dylan Bronn', 29, 36, 2, 'Salernitana'),
(734, 7, 'Youssef Msakni (captain)', 29, 87, 17, 'Al-Arabi'),
(735, 8, 'Hannibal Mejbri', 29, 18, 0, 'Birmingham City'),
(736, 9, 'Issam Jebali', 29, 9, 2, 'OB'),
(737, 10, 'Wahbi Khazri', 29, 71, 24, 'Montpellier'),
(738, 11, 'Taha Yassine Khenissi', 29, 48, 9, 'Kuwait SC'),
(739, 12, 'Ali Maâloul', 29, 82, 2, 'Al Ahly'),
(740, 13, 'Ferjani Sassi', 29, 77, 6, 'Al-Duhail'),
(741, 14, 'Aïssa Laïdouni', 29, 24, 1, 'Ferencváros'),
(742, 15, 'Mohamed Ali Ben Romdhane', 29, 22, 1, 'Espérance de Tunis'),
(743, 16, 'Aymen Dahmen', 29, 4, 0, 'CS Sfaxien'),
(744, 17, 'Ellyes Skhiri', 29, 48, 3, '1. FC Köln'),
(745, 18, 'Ghailene Chaalali', 29, 30, 1, 'Espérance de Tunis'),
(746, 19, 'Seifeddine Jaziri', 29, 29, 10, 'Zamalek'),
(747, 20, 'Mohamed Dräger', 29, 33, 3, 'Luzern'),
(748, 21, 'Wajdi Kechrida', 29, 18, 0, 'Atromitos'),
(749, 22, 'Bechir Ben Saïd', 29, 10, 0, 'US Monastir'),
(750, 23, 'Naïm Sliti', 29, 68, 13, 'Al-Ettifaq'),
(751, 24, 'Ali Abdi', 29, 9, 1, 'Caen'),
(752, 25, 'Anis Ben Slimane', 29, 24, 4, 'Brøndby'),
(753, 26, 'Mouez Hassen', 29, 20, 0, 'Club Africain'),
(754, 1, 'Fernando Muslera', 30, 133, 0, 'Galatasaray'),
(755, 2, 'José Giménez', 30, 78, 8, 'Atlético Madrid'),
(756, 3, 'Diego Godín (captain)', 30, 159, 8, 'Vélez Sarsfield'),
(757, 4, 'Ronald Araújo', 30, 12, 0, 'Barcelona'),
(758, 5, 'Matías Vecino', 30, 62, 4, 'Lazio'),
(759, 6, 'Rodrigo Bentancur', 30, 51, 1, 'Tottenham Hotspur'),
(760, 7, 'Nicolás de la Cruz', 30, 17, 2, 'River Plate'),
(761, 8, 'Facundo Pellistri', 30, 7, 0, 'Manchester United'),
(762, 9, 'Luis Suárez', 30, 134, 68, 'Nacional'),
(763, 10, 'Giorgian de Arrascaeta', 30, 40, 8, 'Flamengo'),
(764, 11, 'Darwin Núñez', 30, 13, 3, 'Liverpool'),
(765, 12, 'Sebastián Sosa', 30, 1, 0, 'Independiente'),
(766, 13, 'Guillermo Varela', 30, 9, 0, 'Flamengo'),
(767, 14, 'Lucas Torreira', 30, 40, 0, 'Galatasaray'),
(768, 15, 'Federico Valverde', 30, 44, 4, 'Real Madrid'),
(769, 16, 'Mathías Olivera', 30, 8, 0, 'Napoli'),
(770, 17, 'Matías Viña', 30, 26, 0, 'Roma'),
(771, 18, 'Maxi Gómez', 30, 27, 4, 'Trabzonspor'),
(772, 19, 'Sebastián Coates', 30, 47, 1, 'Sporting CP'),
(773, 20, 'Facundo Torres', 30, 10, 0, 'Orlando City SC'),
(774, 21, 'Edinson Cavani', 30, 133, 58, 'Valencia'),
(775, 22, 'Martín Cáceres', 30, 115, 4, 'LA Galaxy'),
(776, 23, 'Sergio Rochet', 30, 8, 0, 'Nacional'),
(777, 24, 'Agustín Canobbio', 30, 3, 0, 'Athletico Paranaense'),
(778, 25, 'Manuel Ugarte', 30, 6, 0, 'Sporting CP'),
(779, 26, 'José Luis Rodríguez', 30, 0, 0, 'Nacional'),
(780, 1, 'Matt Turner', 31, 20, 0, 'Arsenal'),
(781, 2, 'Sergiño Dest', 31, 19, 2, 'Milan'),
(782, 3, 'Walker Zimmerman', 31, 33, 3, 'Nashville SC'),
(783, 4, 'Tyler Adams', 31, 32, 1, 'Leeds United'),
(784, 5, 'Antonee Robinson', 31, 29, 2, 'Fulham'),
(785, 6, 'Yunus Musah', 31, 19, 0, 'Valencia'),
(786, 7, 'Giovanni Reyna', 31, 14, 4, 'Borussia Dortmund'),
(787, 8, 'Weston McKennie', 31, 37, 9, 'Juventus'),
(788, 9, 'Jesús Ferreira', 31, 15, 7, 'FC Dallas'),
(789, 10, 'Christian Pulisic', 31, 52, 21, 'Chelsea'),
(790, 11, 'Brenden Aaronson', 31, 24, 6, 'Leeds United'),
(791, 12, 'Ethan Horvath', 31, 8, 0, 'Luton Town'),
(792, 13, 'Tim Ream', 31, 46, 1, 'Fulham'),
(793, 14, 'Luca de la Torre', 31, 12, 0, 'Celta Vigo'),
(794, 15, 'Aaron Long', 31, 29, 3, 'New York Red Bulls'),
(795, 16, 'Jordan Morris', 31, 49, 11, 'Seattle Sounders FC'),
(796, 17, 'Cristian Roldan', 31, 32, 0, 'Seattle Sounders FC'),
(797, 18, 'Shaq Moore', 31, 15, 1, 'Nashville SC'),
(798, 19, 'Haji Wright', 31, 3, 1, 'Antalyaspor'),
(799, 20, 'Cameron Carter-Vickers', 31, 11, 0, 'Celtic'),
(800, 21, 'Timothy Weah', 31, 25, 3, 'Lille'),
(801, 22, 'DeAndre Yedlin', 31, 75, 0, 'Inter Miami CF'),
(802, 23, 'Kellyn Acosta', 31, 53, 2, 'Los Angeles FC'),
(803, 24, 'Josh Sargent', 31, 20, 5, 'Norwich City'),
(804, 25, 'Sean Johnson', 31, 10, 0, 'New York City FC'),
(805, 26, 'Joe Scally', 31, 3, 0, 'Borussia Mönchengladbach'),
(806, 1, 'Wayne Hennessey', 32, 106, 0, 'Nottingham Forest'),
(807, 2, 'Chris Gunter', 32, 109, 0, 'Wimbledon'),
(808, 3, 'Neco Williams', 32, 23, 2, 'Nottingham Forest'),
(809, 4, 'Ben Davies', 32, 74, 1, 'Tottenham Hotspur'),
(810, 5, 'Chris Mepham', 32, 33, 0, 'Bournemouth'),
(811, 6, 'Joe Rodon', 32, 30, 0, 'Rennes'),
(812, 7, 'Joe Allen', 32, 72, 2, 'Swansea City'),
(813, 8, 'Harry Wilson', 32, 39, 5, 'Fulham'),
(814, 9, 'Brennan Johnson', 32, 15, 2, 'Nottingham Forest'),
(815, 10, 'Aaron Ramsey', 32, 75, 20, 'Nice'),
(816, 11, 'Gareth Bale (captain)', 32, 108, 40, 'Los Angeles FC'),
(817, 12, 'Danny Ward', 32, 26, 0, 'Leicester City'),
(818, 13, 'Kieffer Moore', 32, 28, 9, 'Bournemouth'),
(819, 14, 'Connor Roberts', 32, 41, 3, 'Burnley'),
(820, 15, 'Ethan Ampadu', 32, 37, 0, 'Spezia'),
(821, 16, 'Joe Morrell', 32, 30, 0, 'Portsmouth'),
(822, 17, 'Tom Lockyer', 32, 14, 0, 'Luton Town'),
(823, 18, 'Jonny Williams', 32, 33, 2, 'Swindon Town'),
(824, 19, 'Mark Harris', 32, 5, 0, 'Cardiff City'),
(825, 20, 'Daniel James', 32, 38, 5, 'Fulham'),
(826, 21, 'Adam Davies', 32, 3, 0, 'Sheffield United'),
(827, 22, 'Sorba Thomas', 32, 6, 0, 'Huddersfield Town'),
(828, 23, 'Dylan Levitt', 32, 13, 0, 'Dundee United'),
(829, 24, 'Ben Cabango', 32, 5, 0, 'Swansea City'),
(830, 25, 'Rubin Colwill', 32, 7, 1, 'Cardiff City'),
(831, 26, 'Matthew Smith', 32, 19, 0, 'Milton Keynes Dons');

-- --------------------------------------------------------

--
-- Table structure for table `scorers`
--

CREATE TABLE `scorers` (
  `matchNumber` int(11) NOT NULL,
  `teamID` int(11) NOT NULL,
  `playerID` int(11) NOT NULL,
  `playerName` varchar(50) NOT NULL,
  `minute` varchar(50) NOT NULL
) ENGINE=InnoDB DEFAULT CHARSET=latin1;

-- --------------------------------------------------------

--
-- Table structure for table `teams`
--

CREATE TABLE `teams` (
  `ID` int(11) NOT NULL,
  `abbrev` varchar(3) NOT NULL,
  `name` varchar(50) NOT NULL,
  `group` varchar(50) NOT NULL
) ENGINE=InnoDB DEFAULT CHARSET=latin1;

--
-- Dumping data for table `teams`
--

INSERT INTO `teams` (`ID`, `abbrev`, `name`, `group`) VALUES
(1, 'ARG', 'Argentina', 'Group C'),
(2, 'AUS', 'Australia', 'Group D'),
(3, 'BEL', 'Belgium', 'Group F'),
(4, 'BRA', 'Brazil', 'Group G'),
(5, 'CMR', 'Cameroon', 'Group G'),
(6, 'CAN', 'Canada', 'Group F'),
(7, 'CRC', 'Costa Rica', 'Group E'),
(8, 'CRO', 'Croatia', 'Group F'),
(9, 'DEN', 'Denmark', 'Group D'),
(10, 'ECU', 'Ecuador', 'Group A'),
(11, 'ENG', 'England', 'Group B'),
(12, 'FRA', 'France', 'Group D'),
(13, 'GER', 'Germany', 'Group E'),
(14, 'GHA', 'Ghana', 'Group H'),
(15, 'IRN', 'Iran', 'Group B'),
(16, 'JPN', 'Japan', 'Group E'),
(17, 'KOR', 'Korea Republic', 'Group H'),
(18, 'MEX', 'Mexico', 'Group C'),
(19, 'MAR', 'Morocco', 'Group F'),
(20, 'NED', 'Netherlands', 'Group A'),
(21, 'POL', 'Poland', 'Group C'),
(22, 'POR', 'Portugal', 'Group H'),
(23, 'QAT', 'Qatar', 'Group A'),
(24, 'SRB', 'Saudi Arabia', 'Group C'),
(25, 'SEN', 'Senegal', 'Group A'),
(26, 'SRB', 'Serbia', 'Group G'),
(27, 'ESP', 'Spain', 'Group E'),
(28, 'SUI', 'Switzerland', 'Group G'),
(29, 'TUN', 'Tunisia', 'Group D'),
(30, 'URU', 'Uruguay', 'Group H'),
(31, 'USA', 'USA', 'Group B'),
(32, 'WAL', 'Wales', 'Group B');

-- --------------------------------------------------------


--
-- Table structure for table `users`
--

CREATE TABLE `users` (
  `email` varchar(50) NOT NULL,
  `password` varchar(50) NOT NULL
) ENGINE=InnoDB DEFAULT CHARSET=latin1;

--
-- Dumping data for table `users`
--

INSERT INTO `users` (`email`, `password`) VALUES
('thomas.devine@atu.ie', 'letmein');
COMMIT;

/*!40101 SET CHARACTER_SET_CLIENT=@OLD_CHARACTER_SET_CLIENT */;
/*!40101 SET CHARACTER_SET_RESULTS=@OLD_CHARACTER_SET_RESULTS */;
/*!40101 SET COLLATION_CONNECTION=@OLD_COLLATION_CONNECTION */;
